square_feet,bedrooms,bathrooms,age,garage_spaces,lot_size,neighborhood_score,price
1660,2,4,92,1,11359,9.021863857242689,491542.74
4572,5,4,8,1,5893,5.174328247549119,991994.78
3892,1,4,49,1,8811,3.8802458490615273,834426.33
1266,1,1,5,1,11288,5.288151441154596,477533.98
4244,1,1,82,1,2504,3.864736852231126,761459.95
3971,1,2,59,1,11813,5.40132197776858,786455.49
3719,1,1,43,1,16671,8.736007572261432,918419.34
930,5,4,10,1,12738,6.330712339558861,496248.29
2485,3,2,65,1,13186,7.251883955291579,669448.59
1569,2,2,46,0,8773,4.282036086109029,415070.08
3191,1,2,72,2,5816,7.6465529065946685,688164.43
3233,3,4,84,1,2717,6.999553763914351,756441.97
1984,3,3,87,2,13676,2.076057979768508,525097.3
4185,2,4,97,1,6434,6.153785678040261,868542.03
4917,5,1,85,1,19042,3.310691466787822,976552.46
3704,4,1,2,0,7057,8.236861026702336,842672.26
1274,4,4,75,3,6994,4.833439376202455,416271.33
1882,3,4,91,3,6234,9.952157486768385,609196.79
3358,6,2,29,0,5764,1.832503941450674,684494.47
2847,6,4,89,2,13181,8.023130764661428,753638.32
3547,2,2,20,3,6637,7.063315601879408,840041.66
1775,4,1,27,0,4104,7.907489475316349,511847.87
2606,3,2,89,0,11447,3.767768159414107,623508.04
989,5,4,61,3,12674,5.428490404441606,490611.96
3534,4,1,32,2,10385,8.168576677513375,874226.77
3805,3,3,84,0,13999,3.092871984587695,835561.71
2699,3,2,34,1,5719,3.034298771097869,561556.9
2067,1,1,51,2,4581,5.959458579654392,543857.33
2328,5,2,33,2,4763,5.712072215768702,622827.17
4002,1,1,40,3,7991,3.5403622337163956,867194.35
4356,2,1,50,3,12531,3.682680854723405,867284.78
4690,1,2,46,1,13064,3.5006064688590897,892562.88
1446,1,3,81,0,13312,7.943608557986389,509598.24
3688,4,1,57,3,6780,6.867107790062145,833674.9
3235,6,1,74,3,6177,8.491754650692275,800216.2
1400,3,1,56,2,17169,9.779257254826197,555321.84
3163,5,3,22,3,8476,5.267478666447878,833925.71
2861,1,3,47,3,4382,1.6002449326490398,543661.05
1041,5,4,21,3,18915,1.432830793708319,464574.24
2841,6,2,16,3,14508,3.6609853534445724,779595.23
3624,6,3,68,2,2634,9.392901304172058,929762.88
3412,1,2,10,1,13996,5.708917494737874,765908.78
2163,2,4,93,1,16162,3.4460786447211627,549496.03
2278,1,2,14,0,18386,4.592501150599176,591474.22
3356,4,3,90,3,16005,6.387355966642037,784121.56
1575,3,2,34,2,10397,6.87654692324058,555891.46
4814,2,3,32,0,14327,2.385275588046145,936595.62
834,1,2,83,0,16394,9.793285088906584,489653.25
3952,5,3,15,1,4890,5.9029500428451,866112.85
2755,2,3,33,2,12858,2.2211948601305136,664124.79
2385,2,2,65,2,10026,9.042717280115204,707011.37
4743,1,4,98,2,5306,1.6717458797148592,844827.07
3873,2,1,39,1,2897,9.169618898597614,792201.53
1821,5,4,27,1,11277,9.969090906600842,673039.79
4261,6,2,46,1,11471,7.303886192408535,1041158.86
3413,2,4,38,1,16896,7.934024989665908,873022.17
4643,6,3,69,1,17240,4.035725528207378,1027666.5
2300,5,1,72,3,16683,9.474191674605404,738223.84
961,1,2,19,3,2670,5.767425694975309,365645.23
2781,3,2,0,2,19889,7.591496019377994,743404.58
1795,2,2,71,0,13767,9.316969443201515,612766.57
4142,3,1,86,2,15006,9.776619783779575,1002252.83
4598,5,3,62,0,17768,8.498839209370068,1043990.92
2075,2,2,66,1,18633,3.7271575628382703,548592.5
1816,6,4,3,0,3892,9.698927648968741,654926.31
1137,4,2,57,2,5439,6.653075781192146,460911.11
1678,3,2,24,2,4854,9.375782287167638,566154.74
1876,2,2,46,0,13577,7.084945232329167,595924.13
4793,3,2,37,3,13763,3.7651506566294843,985707.74
1179,2,3,14,1,13618,4.330220717285344,366061.72
1292,1,4,62,1,10235,5.954245993926464,459341.53
2862,6,3,20,2,4618,8.110133574038938,820483.2
4684,3,4,98,3,5163,3.8618429620630144,881090.01
864,4,2,56,0,4942,6.217580495207729,392923.42
3368,4,1,52,1,3925,4.110624942187614,763936.29
2827,5,3,45,3,4972,8.341924641715964,775610.48
3495,2,1,13,1,13705,5.200552843911554,822534.92
2295,3,3,99,3,12640,1.690505441675967,527495.46
1191,5,2,75,3,12966,2.4944726933338273,424330.53
4361,3,3,16,2,19374,1.5499420085766906,908880.2
3078,2,2,38,1,13138,5.493726514128927,714650.92
3899,4,3,8,0,17935,1.9570356761340446,845234.05
1000,1,2,98,2,15145,2.027259723786689,269349.74
3904,4,2,76,2,2489,9.469434340345394,885507.28
3254,5,4,78,0,13748,8.853895649584498,900052.11
4445,6,2,81,2,5516,5.068779371302294,902294.89
1604,1,4,96,3,8410,9.872247887651852,529110.96
3531,5,2,5,3,2053,1.001678753535968,728284.95
3573,2,1,90,1,18999,6.525815106460544,817796.8
2370,1,2,22,1,7944,6.5478535963468305,619501.01
3490,5,1,58,0,9404,5.1169875028289935,775447.59
4640,2,1,90,1,2954,4.572531756408636,857376.56
1828,4,2,97,3,12625,5.098448219325468,534267.42
1302,6,1,45,0,3629,4.734643924717124,397363.99
1670,2,4,37,0,12973,7.574432297340694,566211.89
1006,3,3,13,1,8859,2.2181989147595567,387796.89
2284,2,2,99,3,10841,2.778752985320171,542331.7
1663,2,1,71,0,12539,2.624664055531812,366811.02
3590,6,2,61,3,14682,3.362235266091381,840212.47
1363,3,4,34,3,5278,5.72732576903425,460603.43
4991,5,2,18,3,8539,2.0008787260439687,1033127.49
2557,5,2,29,1,18754,8.813523657938537,801878.57
2478,2,1,77,2,2857,3.676253781776251,553898.59
4042,3,4,83,2,6886,2.462841887218371,800121.88
1859,3,3,24,0,14945,7.08059178638419,606205.19
2522,6,3,39,3,9485,1.3427767053938735,671955.88
4114,4,1,87,1,15680,6.579717083867478,940777.57
3957,5,2,13,3,18767,7.283785876088498,999096.48
3425,6,1,25,3,16397,2.9342487824804726,809929.98
3529,1,1,86,1,12744,1.3776766609927087,609408.29
2397,5,1,21,2,6334,4.2728082302750465,626913.19
3860,6,2,47,3,14226,1.8873480721774283,844593.84
3493,5,4,82,3,15440,2.048300647060034,806734.69
4427,4,1,50,2,17020,3.288351083003781,951651.59
2163,1,2,2,1,6251,3.659211321640834,557876.86
2781,4,4,41,0,14180,5.769733069192785,743054.45
2463,1,1,18,2,18140,7.1055269695271175,652869.73
2329,2,3,72,0,2922,6.334938467831663,500179.36
2838,6,4,27,0,9957,2.335243035605651,663948.86
4102,1,1,83,2,17796,2.548774292073638,844760.14
3037,4,4,44,3,3230,8.90892324813623,856583.21
2106,5,4,70,0,12627,6.025170835577023,622401.39
4829,1,4,77,0,12006,8.8294404960792,983640.03
3475,6,4,62,1,6933,4.343918601878869,780340.96
2082,1,4,72,3,16295,6.5296000668819145,651501.18
1509,3,4,18,0,18377,5.712970744491496,540764.02
4548,5,1,46,1,2203,3.8721114083841632,908330.95
1463,6,3,13,3,18544,5.229238348302358,609311.52
2798,6,2,37,2,17899,5.522417891442388,798443.46
4245,2,4,52,2,5748,2.806938772810107,886169.11
4543,4,2,60,1,8718,3.8350933513905843,927435.31
2295,2,1,35,2,3093,8.12268775456278,615076.24
4104,6,4,39,0,17228,9.242094155087145,1104933.09
4563,5,3,80,3,18034,4.238146841907695,1008869.5
2653,1,2,29,0,7710,3.7627505398811634,558466.59
2091,1,4,8,0,11732,2.756774481146943,549069.45
4381,5,1,63,2,5191,7.106420517855231,958157.08
4257,6,3,32,0,2689,3.9078973149970357,874915.88
2436,1,2,51,2,4103,9.889745851892696,643682.34
4496,1,2,88,3,2365,3.931163218575579,820900.48
3799,1,4,13,3,16010,4.547224421043653,847387.81
3952,4,3,74,0,13767,6.430007765908313,885262.36
1498,4,3,52,1,18103,8.215158638721745,576234.27
2960,3,3,98,2,14742,5.225667988110703,725808.0
4897,2,3,58,2,14391,4.803904304100625,1008919.13
1654,5,1,77,0,6172,9.960740502353275,585030.86
4274,5,3,93,2,17623,1.0944427702595,873732.78
2507,5,2,40,2,4378,9.055587599661212,714721.85
3577,3,2,67,1,19589,2.342267433457637,814100.52
2533,4,1,67,1,14031,8.07332748588022,708093.73
4310,6,2,91,0,7669,6.561384038616682,968485.69
1002,6,2,7,1,4735,4.076625569482829,390115.03
4055,3,3,1,0,11867,8.864874599689166,987057.83
1566,6,2,85,3,10490,1.116165051828928,429132.21
3127,5,1,40,0,2956,3.040215868674313,642949.76
3731,2,3,54,3,11306,6.102035166245824,832863.53
997,1,4,15,0,8623,4.163880340447282,359204.64
2730,4,3,92,2,16908,6.4933974578649485,719819.81
4382,4,1,61,1,19858,1.2169917406780013,914948.09
1408,3,3,47,3,6460,2.048130374335413,411324.94
4072,4,3,29,0,15986,2.143866161965953,865858.98
1947,5,1,11,1,14638,2.7035528132440847,543096.26
4197,6,3,34,0,4850,5.133982967204885,935187.84
3311,5,1,10,1,15299,7.769158295892141,877179.85
2594,3,1,63,1,12698,9.14984954136011,707819.13
1459,5,4,49,0,6594,8.518352772558215,515158.54
3611,6,2,84,3,16282,2.771990845981152,826988.71
2169,2,2,20,3,18285,4.970354970075691,647452.49
2786,3,3,68,2,16334,2.794704379826815,633098.65
946,2,3,47,1,8644,3.380246350004717,338363.09
4019,1,4,19,2,4850,5.531922833606975,865353.27
3711,2,4,66,2,16933,1.6129812225117028,729446.78
2534,1,4,43,0,2165,2.9635689663394587,514230.81
2643,1,1,32,0,12701,9.418403451764055,718630.34
1288,2,4,72,0,2919,5.195046633926401,428846.49
3776,3,4,60,1,10305,5.00847873380085,896667.97
2759,6,3,8,0,19375,1.13110439276151,758106.73
3185,5,4,67,0,17715,3.2265977235251118,766670.04
3719,5,1,34,1,5839,8.796631923839632,874450.83
2602,6,1,80,1,19642,2.481655854328019,683836.79
4861,1,3,97,3,13618,4.73612445581249,946154.7
4169,1,4,87,0,15519,1.1289781528030112,764161.7
1062,3,4,95,0,12776,5.305019335035002,407622.41
1423,4,1,64,0,2067,1.1891899605359544,322648.6
1816,2,4,7,3,11788,8.3764859775922,651748.64
4443,1,4,44,0,7660,8.423683907383932,938151.63
2849,5,4,86,3,6478,8.08967969472133,770087.26
4523,3,2,46,2,10210,3.550276620020064,956354.14
3908,2,3,39,3,12922,8.535134963996363,939676.92
4890,3,2,75,2,5521,5.886983193447424,1017846.93
2856,2,3,53,0,2572,4.364272979803022,648107.16
3970,2,1,75,2,9082,6.627969637338097,859730.6
2482,6,4,45,3,7395,1.111069414543366,602371.8
3055,1,3,46,1,17407,2.2866478984067693,702233.2
1954,3,2,14,2,13094,7.680641843532365,628683.59
3991,3,4,18,2,2650,3.197454478445377,817788.8
2496,6,1,25,0,7741,6.382082055958747,688152.6
4791,5,3,51,3,15281,4.465923425407267,1037712.44
2448,5,3,92,2,8838,8.693252009193353,688647.01
2245,1,3,21,2,5262,9.571737753969792,609181.79
4999,1,4,20,2,19722,8.952082555331714,1167275.64
4723,4,2,50,2,6996,3.43557995224237,950251.86
1053,6,2,37,1,13826,2.7474658214147403,379910.99
3983,5,3,19,3,4827,5.269914042586615,874079.66
3357,2,1,28,0,16211,1.0660073575256224,687297.11
898,3,1,50,0,7232,1.2322845357686356,288782.86
3000,1,2,3,1,4217,5.979615756607001,636623.71
3761,3,1,54,3,16232,5.684044637487574,858313.73
4577,3,2,70,2,16026,9.95123790131734,1077894.4
3669,4,3,91,1,15878,2.816576518273823,778026.18
4034,5,2,27,3,8837,3.3229353624442157,878918.6
4591,1,2,3,2,9031,2.0218657809365803,859115.76
1756,3,3,21,1,16806,9.257887086883702,682363.63
4867,1,1,75,3,5716,8.000301200126057,956157.45
960,2,2,44,0,5414,8.401052003111626,382828.69
2100,4,2,66,0,19832,9.124874091680578,694525.29
4787,2,3,85,3,2570,5.7240998805325445,893876.22
2327,1,1,65,0,15288,5.060738723056513,506051.44
2018,1,2,87,3,2917,3.9735232629905486,494767.52
3904,5,3,33,2,12066,6.302931529130699,896961.9
3535,3,2,90,3,8982,5.088505571108403,730920.56
1754,3,4,54,2,8336,5.064090279450176,505709.04
4246,2,3,0,1,18999,9.43235077358025,1012842.5
1845,4,1,71,3,11941,9.856283628512172,637817.33
2493,6,1,86,1,14380,8.168359503966226,691412.59
4236,3,1,37,0,13667,7.810822812222355,961397.04
1362,5,1,5,2,6529,7.125023456011913,547332.49
3285,2,2,85,3,19519,2.4946736710016233,683488.73
4154,2,2,24,1,14192,1.5319523878808907,802156.15
1025,6,1,81,2,10566,7.216536836019368,460719.02
1759,5,1,16,2,9226,7.559076000309184,599211.3
3867,4,1,60,0,7162,1.4227569198832581,766795.64
1615,5,2,11,0,18590,9.352465752059633,695958.72
3920,4,1,5,2,3319,1.8202657550020978,849466.34
816,5,1,89,2,3141,3.5731048039408213,247985.88
2043,5,4,26,3,6627,7.05150831518834,628886.29
3005,1,4,7,2,16501,2.528853349640287,755752.34
3324,2,1,82,3,4690,1.4987429959801999,571003.85
1869,5,3,64,2,9323,3.980318402477348,599309.32
4244,6,1,56,0,5255,7.893744173696612,947170.42
3365,5,4,92,3,7213,4.723108110867344,783801.15
1860,3,3,98,1,6108,6.876756297171454,492681.19
3127,2,3,39,0,11802,6.21657187505323,729356.54
4220,3,1,13,3,13413,1.1999663382302237,898985.62
1101,2,4,34,3,16995,9.89685988341136,573631.7
1406,3,4,47,1,14583,1.3728527993744897,417437.09
3970,5,3,83,3,7021,9.710224638836365,974481.07
1499,5,1,55,2,8582,5.9487776052795835,504469.02
1939,1,2,48,1,15455,9.668431243585598,640848.16
990,6,2,12,0,15117,2.032782394724519,393248.41
3100,3,4,60,0,19359,5.413676672669618,772753.95
1780,4,2,48,2,3262,2.5255368267945277,436588.45
3775,1,4,45,0,9382,1.4587738932019816,670716.48
1984,3,4,61,3,5327,6.557762035560804,598348.97
4127,3,4,7,3,12020,2.870050788655223,855037.83
4194,1,2,42,2,19641,6.289273164587914,928148.24
927,5,4,19,0,18848,2.0112803375408705,456797.65
2865,3,3,96,0,16062,3.987878242894325,621883.16
2616,5,1,89,2,8774,8.034693022479225,721604.38
1369,1,1,38,1,17160,4.933463696579689,444824.87
2695,5,4,84,0,3230,6.649708734076027,647398.47
3533,2,1,48,1,11076,6.827121466709913,856560.13
4663,4,2,63,0,5805,8.593795395885643,998834.22
4814,3,2,61,0,16715,3.9243051496597716,951618.32
3701,6,1,53,0,7750,7.185660063242658,837706.81
2486,4,2,8,0,17627,9.654542263415491,806560.72
3809,5,1,87,3,15232,7.5721900092208125,896092.11
954,3,1,36,1,5135,5.4088342904597,394647.23
3337,5,1,48,1,8953,6.676457000427363,797769.75
2209,2,4,40,0,3546,7.657146079867974,635708.56
4857,1,1,16,0,17457,6.510481891244852,981768.45
1584,3,4,87,1,19478,1.1500823214085525,430399.75
3975,2,1,20,3,4411,2.7529614791850325,768934.07
3606,2,1,50,2,16113,8.294213954939195,862407.28
1337,3,1,58,2,6145,3.453855825812362,381715.41
2641,5,2,38,1,4775,7.584059076050205,784649.39
3255,6,4,54,0,15193,4.3490819371752885,866094.05
1324,2,4,40,0,14851,5.696958953421489,495765.83
3750,4,1,38,3,15070,1.6117596983746334,807594.36
4931,2,1,12,2,5970,2.6310300494473857,915027.64
4915,6,2,63,3,16119,9.61477267167311,1131145.69
3168,5,2,10,2,6331,9.011242481022226,837617.68
4647,5,2,18,1,12295,6.870475998091452,1063068.05
3501,4,4,10,2,3942,5.136801376471636,847764.83
1771,2,4,76,3,18575,7.0818516360570145,636033.29
1966,5,4,45,3,15404,6.567492601845451,624476.62
3574,6,1,44,3,2861,6.116970300441508,816067.58
2782,3,4,0,1,11275,1.5325936467718764,603260.85
1653,1,3,39,2,19033,6.695223495953562,603584.78
4946,1,3,18,2,6134,7.9202804011405155,1020604.08
4536,1,2,75,3,13803,9.94673489181018,1018436.39
4569,2,4,71,2,17408,1.0997069733487872,909285.65
1374,4,3,71,0,19420,7.57156107979609,642115.42
4061,5,2,60,0,18351,6.146103843423824,946875.33
1948,3,4,11,0,6131,4.90646958472861,543336.26
2515,6,1,60,2,14057,2.148131571142338,589266.37
4654,3,3,32,1,13349,4.681766337713886,1019239.51
3291,6,1,44,1,13486,4.1893946468752175,775418.8
3460,2,4,89,1,7457,3.7254690008086797,764008.65
3924,1,3,91,1,8079,7.577916609899869,871221.73
3851,2,4,68,0,14453,7.306529691558374,868156.91
804,4,1,7,0,14158,6.301180818828204,392145.33
1676,4,3,24,3,17735,9.44798331964035,689211.74
1791,6,1,90,2,17830,4.14868945762769,543326.68
4942,5,4,45,2,17125,3.194217439391616,1050489.72
1435,5,4,86,1,13905,6.9031298178855955,584309.08
2493,6,1,29,0,14298,2.7893265484366268,587119.07
2482,4,3,46,1,4011,3.8350945646508214,601995.31
919,4,1,86,3,5373,3.0214219606739636,348931.32
1630,4,4,48,2,12335,1.622382109466511,504865.96
4475,2,1,46,2,12692,8.447488674721061,945753.51
2169,4,4,83,1,16527,3.2908648862949503,602882.39
1540,3,1,81,3,14773,5.257247530087186,534616.05
916,1,3,17,2,3289,1.3898374592888074,294438.76
3638,4,3,65,3,3447,7.294055196273788,836845.28
1950,6,1,67,3,16139,3.975049020756617,627384.37
2731,1,1,93,1,15757,7.70263055046289,658158.05
1812,2,3,32,0,7462,4.7116275442107955,451447.56
2464,6,4,35,1,9657,2.7618004576506214,637603.07
1881,1,3,81,0,6920,5.618575740538323,499672.87
1312,6,4,18,3,12345,2.174541036736958,528183.92
3649,2,1,27,0,10417,4.964852438856953,791147.13
1359,3,1,39,3,19160,3.8557492967843787,511339.62
4472,2,4,83,2,7208,9.207636257796699,1016852.07
4143,2,1,96,2,2687,1.5483584954864795,713670.86
4870,6,4,75,2,18913,7.2461567269516785,1124049.96
2270,5,2,14,1,15223,2.644760493886923,654125.24
1380,4,3,40,1,10080,3.8714056689901586,426523.4
3094,4,2,38,3,11486,4.739626567558593,764196.52
3947,3,4,1,2,8094,9.172135804374768,944961.45
2479,3,3,62,1,9692,3.1832043946644264,618981.94
4306,4,4,28,2,13088,1.821779222902032,899237.52
3544,5,3,73,1,5103,3.868206435914712,761206.95
4156,4,3,65,0,4440,1.9420837348198001,843808.07
4845,5,3,50,0,9124,2.1573683736449727,913236.08
2043,3,3,74,2,19228,6.1646553817752405,636357.69
3918,1,4,76,3,16031,1.54811739789544,784413.56
2941,6,3,9,1,16536,1.2783779325420943,738869.9
3859,3,3,13,1,2446,7.42972691323448,924054.46
3759,3,2,81,0,5915,4.2548238535694,734864.23
3065,2,1,50,0,17787,2.1283781431048596,620330.63
3279,2,1,72,3,19618,3.282514937737374,709310.48
2435,2,2,38,3,8587,6.778778566171591,641776.03
2557,6,2,27,3,2226,3.479829104267661,636703.51
2870,2,4,2,2,13151,5.450690126083671,743704.67
3649,5,4,83,0,7558,2.0952577605400506,804624.98
4051,4,4,69,2,13971,6.292842738449023,983607.03
4530,1,2,26,0,2186,3.8446991545893767,878412.38
3289,3,2,1,0,16680,6.642715910758449,899537.48
2431,5,3,92,1,16559,8.275553940736206,754679.03
3616,1,4,37,0,13069,6.504817774509932,857592.01
1815,5,4,2,0,4535,3.661728063355186,556302.68
2148,5,4,15,2,3932,3.3016933139347033,600621.03
3887,3,1,93,0,4032,3.9467886286010323,752477.67
3639,4,3,39,2,3252,2.481584619128544,736335.98
1135,2,4,1,3,7509,2.630546657650181,366502.59
1695,6,4,80,0,7074,8.11621991710151,588024.78
4346,4,4,40,0,15900,4.462593188567005,967625.07
1651,6,1,11,2,16523,4.923956625135272,591411.99
2487,3,1,34,3,3881,6.3464451901013,599423.83
2731,3,2,64,1,2269,6.306881456363929,633156.14
4546,3,3,54,3,3630,1.6063918436973315,847637.75
3227,1,2,44,2,19958,8.48386707703899,830646.7
2368,6,3,78,3,15383,2.595938979015455,653761.24
4800,4,1,89,2,18152,7.50764472444702,1073600.64
3538,4,4,84,2,13084,7.954038893153499,864199.23
4298,5,2,61,1,3695,7.434095806821823,963790.55
4713,5,4,48,0,16821,6.210798818987307,1090220.12
1866,5,2,94,2,5262,1.1314809739799458,452448.68
3244,3,1,24,2,3445,4.2433794312685365,717635.1
4907,4,1,22,1,18436,6.4435548642632305,1103628.04
4173,6,1,23,2,11949,4.487061663302848,897006.89
4769,3,2,37,0,8901,8.771319054215319,1063423.32
3346,1,3,27,1,2719,3.779220478146538,656877.58
1553,5,2,20,0,10597,3.641813132127944,472990.21
2882,3,3,53,0,8855,3.3939792378339217,648843.26
3574,3,2,17,1,10263,3.9950278206471594,717494.35
3696,1,2,35,2,16520,6.016644678827685,846101.5
4985,2,1,98,0,13874,7.363137648453317,1034836.18
1575,4,4,44,0,16079,6.963111259649066,534529.51
2425,6,4,72,0,19082,8.269460379833315,801219.49
3869,2,3,52,0,9243,8.973225959476824,869065.89
1217,5,4,29,1,11018,8.34471138109016,569240.08
914,3,2,59,1,18732,1.1705086303691912,331062.94
1416,1,2,97,3,14100,7.623261581967899,513052.79
4774,1,1,31,3,18691,2.8755961625649844,981315.35
4067,4,1,66,0,6820,2.1963523843718438,794487.36
1625,2,4,66,2,13001,6.74639906319222,546563.55
2316,4,3,27,0,15907,3.877688758669254,616713.12
3946,3,4,43,2,13669,1.5140544703339893,817947.03
1212,4,4,78,0,17916,2.238667609585252,446832.5
1528,6,4,40,3,12878,1.0083647518296495,518465.29
4148,1,4,62,3,4985,9.129012646102366,944230.05
3608,1,2,22,2,10112,1.2215618545711473,667713.91
1475,5,3,74,0,10467,2.8851019255855994,448596.36
4265,5,2,47,2,2336,4.746365026191166,864854.43
3304,3,3,31,3,12165,4.209141933557372,794055.71
3767,6,1,56,0,14768,9.20553289221498,922051.51
3586,2,4,99,0,5968,1.362600511610879,679053.62
1922,4,2,32,2,2910,5.609932369093464,536583.01
4879,3,3,23,1,17632,7.124315162719366,1027623.42
2371,5,1,38,2,18279,9.38528176313052,794679.41
2943,4,1,33,3,5129,6.58334126911349,725503.21
2487,5,4,55,3,7447,8.233797124105864,774740.26
4932,4,3,27,3,8129,1.7535244406081356,916056.22
4651,2,2,36,3,7850,4.473455598432347,923623.47
4240,3,4,6,3,9446,4.365524210311607,920048.35
4566,4,2,67,1,13949,8.97659394810146,1046783.07
3126,6,1,36,0,10519,2.3623405413694742,660986.19
3714,1,2,55,2,2314,2.3669755510296726,705830.65
4752,6,2,64,2,13737,3.957023348972186,1061975.34
1395,6,4,64,3,3134,1.4901944263015383,440960.01
1528,1,2,46,2,12938,2.6421223658724102,427518.62
2165,6,4,19,3,17588,9.686886746911616,759604.01
1498,4,1,18,1,10347,4.853655458804555,469280.73
1195,4,4,28,1,7592,6.688172875801928,493298.11
4971,4,4,73,0,19270,7.535001334101732,1090306.73
3302,1,3,59,1,12997,4.302652663064804,750625.75
2619,6,2,17,1,2721,2.3250436696946526,628466.97
1517,1,1,91,0,11104,2.8592291459960273,450525.94
3582,4,4,34,2,2870,3.819398289225493,747612.21
4377,6,1,42,3,8751,6.724615783170031,988790.75
943,6,3,94,3,18881,4.58452494180149,433040.73
3940,5,2,90,2,3756,1.0613322811011532,680333.42
3738,5,4,10,0,3117,5.710664665607247,872179.92
4436,2,2,48,2,13601,9.29362052716676,1026175.87
4022,3,3,37,1,4828,8.308698499078112,882476.26
1967,5,3,63,0,16996,8.42690234133668,674858.94
3416,1,1,68,0,15878,8.155522158455181,777022.42
1862,5,4,7,0,8992,3.913577430493813,549205.32
2956,2,1,33,3,15778,7.886744503789528,767916.35
3782,6,3,47,2,8771,2.288452220300737,792527.09
4094,2,2,55,0,18526,6.919445325483582,896119.41
1956,6,1,75,0,5435,6.77411710016495,547904.28
1532,6,1,64,0,8622,1.2301281918076121,428198.93
1753,3,2,30,2,14852,8.091731202318385,531818.02
3339,5,1,3,3,16806,9.129232945856176,918135.78
4124,1,2,49,1,12623,3.406737506248969,785719.29
4101,1,4,68,3,3848,8.311516517675358,864073.75
2342,4,2,29,0,4696,1.741653746757534,509343.47
1991,6,4,87,3,3717,6.399710724349594,605299.02
3793,1,2,58,3,11259,5.370821788008494,806229.08
3481,3,3,66,1,4786,5.913311799781,732424.42
2017,6,3,74,2,16154,9.335846816959105,740687.83
2340,3,4,44,2,15409,8.841837225221681,706803.62
4036,1,4,3,3,5791,8.065752915157812,901128.87
3186,1,3,25,3,5871,3.463286119105339,691555.48
4519,4,4,26,2,3806,9.206367658174825,1043618.41
2188,1,2,45,2,19888,1.8775692321748774,525340.39
2656,6,2,63,1,15304,8.67996294902909,696934.4
2165,6,3,90,0,17549,3.9534406511824702,589999.09
1299,6,1,50,3,5303,1.4839508049578503,404900.66
2480,4,2,49,2,18061,7.0242128581667345,744947.5
1310,4,4,5,3,17198,3.081519354843599,513241.49
2124,1,1,58,3,19888,3.192140132781687,537513.22
1955,2,1,14,2,12655,3.7544244960589435,599409.82
2627,2,2,29,1,10924,1.5731629075226505,562458.67
3941,4,2,41,3,11940,2.594144297784286,854599.87
4286,1,1,36,1,5924,1.0462566482700426,718393.57
2610,2,1,41,2,11783,5.008685689952081,603383.68
3723,1,3,34,0,6485,1.7582983967617416,723460.74
3014,1,4,86,0,14629,7.143873445397791,761459.31
4986,1,3,5,3,15233,3.1206056607248356,991285.61
1513,5,2,67,2,14901,9.492167296316595,563339.28
4402,6,3,17,1,2191,8.841264646587874,1012553.57
4934,1,3,72,3,6917,3.6049680547138743,935466.54
4322,5,3,28,2,7831,8.048939091910109,1008398.32
2043,4,3,76,2,12160,8.229204141983256,632932.39
4509,2,4,58,1,15682,9.879068027029694,1046754.84
1881,6,4,46,3,14391,6.380559881611164,640222.89
1255,2,1,16,2,3874,1.7376916117929597,307018.69
1694,6,2,95,2,11062,6.821535060337428,597010.76
2184,2,3,21,2,6763,6.624817735384317,612345.3
2758,6,1,67,1,12234,6.745155196783886,729752.6
3872,2,1,68,3,11221,3.7643108329379036,776976.78
2796,2,1,36,3,13410,8.737116265722996,751787.12
1304,2,4,48,3,16519,9.635249646598707,595709.49
2014,2,3,12,3,3051,2.959412616803364,556403.7
2331,4,3,33,0,14225,1.7933694232298,599778.49
4240,1,2,85,0,11765,2.7508152985163568,772352.03
1623,3,3,52,3,13382,8.38496925330147,581386.47
1728,5,3,86,1,14580,7.089801713378628,569545.6
933,3,1,50,0,13989,6.7244260810521395,418367.91
2905,3,2,2,2,13939,4.6161382159848205,703394.22
4427,6,3,41,0,2307,6.200451743602922,963338.75
2652,1,4,97,2,5359,3.7708671274693066,493206.85
4975,6,3,31,3,5176,5.294800714761651,1072581.06
3733,1,1,50,0,3251,8.137567255335902,797217.67
4084,1,4,84,1,7366,9.83117437709916,954935.76
3611,2,1,45,0,19901,9.392400312308217,922806.69
2050,4,3,20,0,8226,9.404793485616239,646214.94
4312,2,4,43,0,16330,4.620013613624011,942279.21
2056,4,2,10,3,6891,5.219108924561119,591195.15
4176,6,2,67,1,6992,7.3507185673208335,884845.17
4286,4,4,0,0,3961,9.299727352461558,1003464.51
4384,6,4,91,1,14497,2.277948334168762,899416.36
2196,3,1,62,3,12848,3.738176774444762,566410.18
4437,3,4,23,2,15255,2.2532216013469855,975932.93
4130,4,1,98,0,6567,6.508076769635098,860240.14
3503,4,3,12,1,18079,3.756708971987838,802459.13
1270,6,1,97,1,8513,3.934970672613161,450196.86
2153,2,4,10,3,17235,1.638243635391813,591766.15
3583,6,4,99,0,13755,4.148164556268327,785633.44
3631,2,3,50,2,13151,8.762468566614269,838467.24
1157,3,4,16,1,18567,3.0976553070175146,434017.98
3819,1,4,98,0,5358,7.256687195890591,825862.8
1467,4,2,81,2,11590,6.666655104447334,507785.04
1945,2,2,85,1,12988,8.771361475322038,600051.51
4985,6,3,23,1,9678,2.1905915288593443,966295.94
4519,3,1,18,2,7698,9.798309643105389,1050202.76
3545,2,2,36,2,3273,6.24365781436329,710532.65
1339,6,1,84,3,13241,9.95926737112133,578579.02
3579,4,4,7,0,19480,9.203632532792657,977376.57
4936,4,2,27,0,11497,2.993655449017952,940579.17
4575,5,3,4,3,11107,1.505458089129818,967318.04
3308,1,3,16,1,13273,3.300751844158254,697504.22
3579,5,3,35,2,10002,5.748072840994779,818539.34
1724,3,2,18,2,6247,2.54436730358671,501316.81
3756,2,1,63,2,11220,2.5071377006618967,748760.66
2381,3,4,90,1,12703,5.163341923946378,637502.92
4124,6,1,97,2,17472,1.2994117405242258,879994.52
1055,4,1,10,2,18654,2.0969927427904342,345880.89
2638,5,4,53,3,19570,4.742752054671528,769948.52
2744,5,4,44,1,14392,1.5681691828716982,643092.63
809,5,2,46,0,13956,4.5707955080997635,385667.73
3671,3,2,11,3,17641,5.266056393536005,890799.36
1597,4,2,20,3,15998,5.06139952665803,553876.77
1815,2,2,10,0,8305,8.822573716627787,603062.11
2624,6,2,91,3,14721,5.770562095465592,719890.95
3936,2,4,4,1,8995,5.21182416230239,870657.75
2993,3,1,80,2,14427,4.6963832085249955,681306.02
1023,6,2,55,1,15782,8.358610404740375,508084.21
4958,5,2,19,0,4230,9.055509435998498,1059250.66
4725,1,1,40,0,8511,8.679182222774058,976803.92
4800,3,2,45,3,18512,7.0619192031825175,1125415.54
2433,3,1,11,1,11461,2.236255713718068,618637.31
2952,4,1,69,1,6765,3.4918297254281105,620362.72
1310,2,4,16,0,15272,1.414567573137797,414959.08
1184,3,3,18,1,7552,9.377416674911027,518276.64
1204,3,4,25,0,2627,6.947186767218193,459086.73
2800,5,3,47,1,13989,7.717265958819174,791557.7
3556,5,3,51,1,15780,3.8041456562400606,841708.36
2468,6,3,95,1,8589,8.610881700496082,628828.47
2260,1,2,69,0,4044,3.3364295533763064,487443.55
4436,4,4,54,3,15171,1.0147938140120472,896583.25
3524,1,3,99,1,7884,4.3877346626862455,688126.56
4978,6,1,74,0,10185,6.136853328631661,1057189.77
2848,5,2,32,0,2249,5.3083437216897025,717616.61
4946,2,4,61,1,19358,8.758685283189372,1132033.8
1516,5,3,87,1,11175,1.9486475736055024,426191.4
2623,4,1,22,3,18260,5.98441096570353,705158.05
2881,5,4,14,0,4672,5.616814148388167,635658.95
4219,4,4,26,0,9279,3.532536839549467,892371.22
2374,4,2,74,2,10662,8.400053013193094,703781.54
1049,4,4,63,0,3987,7.775637902939857,448241.85
1473,6,2,80,3,18474,7.595732685986479,637247.04
2965,4,3,50,2,14948,8.885732304426003,788598.94
1570,4,2,52,2,15026,7.505061405593691,575594.06
4762,2,1,77,2,4773,3.086571625432538,859887.4
2784,1,2,90,1,15159,7.3500644048472195,685093.03
1877,3,1,81,1,11878,3.7693253205085946,523864.46
1035,1,2,91,0,12178,3.179571853127235,316086.17
1188,4,4,50,2,12377,1.657032336096646,405381.87
3837,2,3,46,3,9347,7.69625722312909,859109.34
2648,5,1,3,1,3008,7.3990086575483005,741577.56
3614,2,2,6,3,5783,3.1104952990668435,711289.02
4174,4,2,34,3,6298,7.744411150517403,932888.24
4078,2,2,47,1,6668,9.260567947841977,965569.47
2052,2,4,72,1,4052,1.9722606174242134,473552.51
4781,4,4,71,1,3716,3.0937297454809745,919499.3
2922,6,1,44,1,2310,7.75234714678584,741547.7
2950,2,1,80,2,16391,3.4705600615637042,631474.86
2129,3,4,80,2,3260,6.621975768553451,577033.7
2158,3,1,96,2,15157,1.7304780201734307,496598.59
3282,2,3,95,2,13460,5.069822311931849,744885.3
2817,6,3,71,0,18968,7.651822797936577,759739.21
2131,5,4,18,2,16011,7.178625487389272,727213.07
2158,4,1,62,1,4866,8.335648906082262,642241.87
3977,3,2,37,3,16365,8.89706913942852,970701.69
2928,5,3,66,2,7898,7.958651511328824,795275.98
2980,2,4,58,0,8251,7.044289686450334,729451.18
937,5,1,68,1,6939,1.2855024263442805,291722.84
4272,1,4,12,3,6006,5.814700060684997,878368.23
3632,3,2,46,3,3625,1.339279524233675,678158.94
4379,2,3,60,2,12956,8.272610354044204,991868.98
3831,4,4,30,3,19274,3.886520720139618,906066.06
4964,6,4,79,2,8078,6.061864367061288,1100980.08
3393,2,4,95,2,10923,3.5150077658701235,746091.26
4618,4,2,21,1,5961,8.042501299422643,1034518.58
4938,6,4,92,1,10806,8.978522739777123,1124192.88
4623,6,2,85,0,15558,4.587782447917576,951629.68
4842,2,2,42,1,8686,8.766301541598901,1041816.21
2706,5,2,66,1,3587,3.4036750671069917,613824.1
1560,5,3,53,2,11803,5.811948307679715,519602.52
4245,6,3,9,1,19280,8.728852868548335,1117525.54
1699,5,4,41,2,12350,3.9329320835421133,588827.32
3747,1,4,63,2,13454,9.586380385702771,876223.13
2519,6,3,20,1,17849,2.0969155160324524,657899.46
1080,6,1,79,0,8837,1.164475627511556,323476.01
4066,4,3,75,0,3449,9.137218173203715,930684.91
2687,5,2,65,3,7454,1.6178379953308502,624018.52
4066,6,3,40,3,11424,9.927002763527426,1040892.27
1466,1,2,23,1,6117,9.562571757811956,531452.15
4988,4,4,34,0,10869,2.233188190326886,941579.8
1471,2,1,55,2,12850,5.838261631233093,491606.07
2769,6,4,29,3,16343,2.664282677204299,736824.09
4956,1,2,56,2,8845,4.853396557271079,937321.64
3922,3,2,93,3,6624,1.552826163338494,699001.34
4700,1,2,46,1,10848,3.0153212901693056,890355.26
1323,1,1,34,0,18549,4.269455167590095,445292.9
3193,4,3,18,3,15136,4.947827502214493,757512.1
3917,2,4,7,0,2589,9.79746632388004,913498.91
3393,3,4,25,2,8509,8.27079081115583,859078.01
2768,5,3,70,1,9693,7.636689498807516,727771.9
2553,5,4,29,0,11454,5.833371832677768,718782.58
3096,1,1,6,1,18455,8.559979845439091,803894.72
3061,4,4,66,0,13708,4.0539055209014,734263.24
3086,4,2,64,2,14942,7.380092014959844,815239.25
3678,5,3,35,2,18652,9.944055778403548,1013385.32
4943,3,1,24,1,11968,3.8316601804167894,1009427.82
4444,2,3,36,2,4462,7.066157813955706,948382.91
2855,3,1,0,3,11460,8.598833777371443,772215.45
2076,6,2,14,0,3015,9.24226825015605,644886.66
3566,6,3,36,2,11275,7.461394218460916,876603.62
1102,2,4,12,3,15269,3.5524713107542265,455229.82
1438,5,1,7,1,2406,3.9365393641205184,485600.14
855,2,3,4,3,9384,1.1868222891156779,320152.87
1325,4,4,59,1,13268,7.847973799043587,564037.72
4923,6,3,72,1,19369,1.3846564545575624,982419.73
2925,1,3,0,0,13795,8.781871191424711,784206.57
4087,1,3,35,0,6485,2.0679455302708494,802114.32
1164,5,1,34,3,10901,2.546888609223318,442630.21
2446,4,4,65,0,4618,5.2887382374901355,566140.4
1718,3,2,62,0,11603,7.6409237365186815,569654.32
3597,4,1,22,0,8928,2.2510198467916993,756697.17
2331,1,1,8,3,7368,4.960639675598486,585907.4
4145,1,1,33,2,6621,5.345661469690943,856293.89
2706,6,2,45,0,16719,2.9105707750173218,660201.35
3886,4,4,77,0,13126,2.0400253901256855,802728.4
2875,4,4,3,3,9566,8.527788306870756,855440.98
1513,1,4,29,2,14306,5.52219084786489,546022.3
1862,3,3,94,0,17086,1.1294311238573767,481759.97
2776,5,3,74,1,19387,8.226831711781934,777381.78
2096,5,3,98,3,11890,9.827144248731264,669178.97
925,4,2,71,0,10095,6.453335758728226,416228.03
4396,5,3,2,0,14719,5.533375483756637,1003085.74
4083,1,2,13,1,12283,8.905742767404655,935468.7
2403,1,4,59,1,16231,9.572651107161388,692414.47
866,4,3,76,3,16698,7.790832243122145,508315.48
1032,4,3,44,3,19457,5.009076367608591,497571.49
2956,6,1,95,1,7184,6.329992593982964,725114.58
1969,4,2,33,3,4402,7.308418285161993,618831.38
2958,3,4,44,1,6895,2.7484621390162127,645934.75
2293,5,1,60,0,13404,5.024809289947942,601803.43
4807,4,1,82,1,17161,8.468391382455565,1096449.79
3272,2,4,15,1,11343,6.892528136485987,783144.81
3460,6,1,65,2,12637,4.700836604906687,795626.51
3539,2,2,39,1,3956,6.970262806132133,815562.69
2561,1,2,16,1,9023,2.064001708652139,539134.31
4314,5,3,33,2,16062,4.613478495083887,971221.04
2775,4,1,15,3,16333,8.138156841667508,784819.04
3162,2,3,59,2,5907,2.984579084229832,606529.94
1676,5,1,65,0,2807,2.6736535680167592,417708.84
4612,1,2,65,2,16031,9.557367939247882,1001283.71
4248,3,2,89,0,6827,2.8890786662760766,807253.99
2112,6,2,12,3,15699,3.3482672168515126,673429.5
2260,5,1,55,2,6524,9.726543450139042,623225.66
3509,5,2,30,2,17193,7.612377132385231,898355.03
3124,3,1,33,3,18223,7.296368797211754,831712.07
2533,5,3,38,0,7313,8.676337454691232,660541.28
2405,1,1,66,2,15598,2.0424077401311482,577676.12
3363,1,3,7,0,15058,7.353606129220065,829708.88
4221,3,1,86,2,19141,5.53319748395415,950015.33
4317,6,3,77,1,6887,8.462355762557259,973813.68
3197,4,2,54,2,5854,5.573275467986749,725985.89
4535,2,3,26,3,14458,6.582172188420209,1000355.35
3670,4,2,92,3,16536,5.299679137595824,911319.85
1960,5,2,52,0,5558,5.303430312002597,586401.77
1042,2,3,38,2,11772,7.911729802556484,484365.03
3390,3,1,64,0,19345,6.657097605825549,818999.01
1863,3,1,16,0,5575,6.699368814484694,557359.49
3395,6,4,29,1,4418,5.052542354483732,877637.49
1719,2,1,52,1,6198,5.779985467037748,487921.3
805,1,4,12,3,3001,7.711458995843086,414362.96
1267,2,1,20,0,9119,8.433468272007264,474156.41
4970,5,1,18,3,11673,7.269052619296415,1106293.51
803,1,2,52,2,7316,9.316656899611148,400752.48
1445,3,4,18,0,18244,8.382916793324808,616511.11
917,2,1,56,0,18806,6.056774108285666,371737.58
3728,4,4,24,2,13873,7.042654653793631,915603.08
3351,6,2,85,2,6266,9.336774492290765,876254.48
1646,4,2,30,3,9549,6.572512398187525,576168.96
3562,6,4,80,3,12589,8.423262531818477,915831.51
1941,5,2,54,2,3657,7.199294532309883,580460.16
2610,4,3,22,3,8763,5.9674272495441985,738723.59
1523,2,3,31,2,5164,3.176543758738178,391988.82
1024,2,2,61,0,10479,4.833977675215853,336036.74
2848,4,3,73,0,7737,9.70968542350344,735689.69
2373,2,1,9,1,19831,6.9198884494534,686682.43
2628,5,4,99,0,8009,6.079558423050907,630634.03
2717,1,1,71,2,18991,9.396609629754046,774527.24
2826,5,4,53,3,6552,6.2786060293370385,717003.35
4544,6,2,51,1,11417,5.7347426657566265,1002610.52
1701,5,1,19,3,11221,7.833797696351847,600058.76
2839,6,2,31,2,4671,7.4139905708789,756019.9
809,2,2,13,0,8519,2.7384400756758946,264113.42
1060,1,4,49,1,5962,5.241774471167091,412184.98
2473,2,4,27,2,14734,5.252638985376267,643327.84
3019,3,4,52,1,15122,4.4040206371901025,701553.91
2860,2,1,23,1,5722,5.655641339370278,728593.1
4513,6,3,78,0,6906,4.7179665795442975,953468.55
2419,2,4,21,2,9263,2.7941094052406483,619419.68
1120,2,4,29,3,15699,4.71129838547213,483987.71
2142,1,1,62,1,13088,1.6504925281585894,458175.43
3176,2,4,3,1,2808,6.182072764969704,701375.96
3632,1,1,76,3,11170,8.682890940470006,826343.21
3624,4,2,58,2,18260,7.527583759190997,873106.89
2794,3,4,86,1,19109,4.243546360487001,671972.47
3758,1,4,7,1,12693,1.7836408501957737,724842.2
2838,6,2,81,1,9701,2.819344593027437,661526.17
4290,4,2,11,2,19600,5.909413064453521,1047390.63
4477,1,2,30,2,16191,2.8635137504472956,912519.38
1918,1,4,77,3,19356,5.895758001564707,589721.45
2404,3,3,33,2,15704,3.0843912228750905,624090.67
4827,6,3,81,2,4123,8.640314825284655,971537.98
1035,5,3,97,0,13533,4.575443255564137,408208.8
2769,5,4,74,3,18608,3.2099556335004196,681788.84
2708,1,2,75,1,16448,8.310935622223553,714191.09
1175,2,4,48,2,16586,4.085550683249057,445091.73
4330,6,2,78,1,3814,2.0033891905490373,811558.65
3435,4,4,56,1,15001,6.133685422632775,846285.61
2370,2,4,94,0,19490,6.234077839941898,653729.93
3360,2,2,92,2,18508,7.432261077121607,860743.94
4191,6,3,25,3,15380,3.16197489887547,970882.02
3765,1,2,17,2,17406,4.993942051830206,850668.02
4443,1,1,95,1,4931,3.541311271383906,769005.79
4650,1,1,85,3,15567,1.728583625041193,834203.5
1672,1,2,37,2,16038,8.889524443143024,609245.93
2052,5,4,80,1,14317,7.5598282403950705,657579.48
2114,1,1,86,1,4971,3.713167535129206,463699.32
3698,5,1,87,0,4017,6.394356935847877,823512.15
877,5,4,49,0,4415,2.811374093210252,304958.32
3421,1,4,7,0,3609,9.012129596161937,854848.65
1400,3,3,40,1,2717,2.034157090257193,406349.6
1865,4,4,5,2,14662,1.034534309570208,475617.48
2936,2,2,68,0,8782,5.51807377965264,731264.25
3249,5,2,43,2,3048,6.248150411075824,776694.3
3143,6,3,63,0,13618,6.210687882662239,787897.61
2663,6,1,28,3,10307,1.4906073469404366,656369.01
2118,4,1,27,3,9905,3.826394262265892,544928.65
4397,6,4,10,0,11993,5.492790521571987,1020754.66
4562,3,2,64,1,12338,2.949212670645168,872169.36
2990,6,1,18,0,7578,8.853632969373066,865073.45
1792,2,3,8,0,15834,1.7839836051529063,491452.68
3512,2,3,26,1,8548,5.3864599750483855,801763.89
2992,5,2,33,3,9381,7.222744517618368,769077.94
2048,1,3,43,2,4941,3.355759901210342,513015.08
3854,3,3,67,0,7695,6.618166632977664,840060.93
4833,5,2,99,1,8401,8.46446635128137,997388.78
2797,3,4,81,0,17179,2.713032775855428,647042.77
4487,1,4,14,1,16456,9.254985326423766,1104363.04
2951,6,3,50,2,15097,5.9820267939612215,824544.85
4818,6,4,12,2,8197,3.6930880387095453,1016177.51
3910,1,4,82,3,7450,4.877724478440436,753229.52
2770,5,3,48,1,19937,3.8097269540774916,705404.8
997,1,4,69,1,19396,7.526000439399845,433355.79
3426,4,3,55,3,10378,8.166705970736189,810273.88
2002,2,1,75,3,3881,8.49643653086795,589701.46
2835,5,2,50,1,8799,9.87191424627167,796554.91
1277,3,2,36,3,16597,8.121558632470151,611819.43
2054,4,4,16,2,15675,6.412456636197071,642794.88
1722,5,4,57,0,6586,4.052982685526054,508721.23
1219,1,4,86,2,10430,5.901359038396745,389201.95
3004,1,2,89,3,4345,1.3696135551136488,546371.07
3397,1,1,28,1,18459,7.703425679769218,818250.21
1920,1,1,32,1,11548,5.013599905828916,501772.38
3868,3,2,59,2,7877,1.1802090675896886,746295.4
1750,4,1,90,1,8785,1.5625624735936974,449824.54
3136,6,2,88,3,17833,4.48719817439581,815301.49
3043,2,1,54,2,6922,6.2507936711659156,671995.84
3445,3,3,9,1,6686,5.1778355405691405,781326.09
2657,3,3,46,0,16407,6.572838855629394,737864.67
2665,6,2,22,0,14205,5.322648329122202,757300.06
3712,6,1,84,3,15179,6.95533460933212,883966.99
3653,2,4,20,1,18524,2.972134582037208,839257.63
4028,2,1,12,3,2016,2.0155886846525926,772526.17
4519,6,3,32,2,15374,6.367905591630939,1020098.44
4028,1,3,23,0,18848,5.362205652426767,913188.85
3171,3,1,10,2,7956,1.2418088864044177,660812.47
3691,5,1,16,1,18473,4.424336969437323,817260.02
4556,2,4,67,3,6815,1.9551302694189594,858262.0
894,2,4,46,3,4843,5.782211485774257,396154.96
3474,6,1,24,3,17972,4.561999116943877,846025.25
2755,4,1,93,2,19353,6.5183671999271615,766729.2
1593,5,1,72,0,3094,8.250419968932144,556362.45
2634,5,1,20,2,8124,3.697018154573417,639185.66
2916,2,2,83,2,3404,9.658918937485247,707331.61
4906,1,1,82,1,5982,5.8207105052881705,920287.17
4125,4,4,82,1,14515,6.5646171887930915,933614.93
3719,5,3,11,1,17790,7.126051359031633,929045.97
3397,2,2,36,0,14205,7.0005837687183075,691322.78
4005,5,1,41,0,14748,5.598736687405559,953609.09
1614,4,3,16,1,5092,4.858878620032152,504750.11
1145,4,2,47,1,15971,1.484037677596401,390436.45
3149,3,3,27,0,16616,1.1987726077106178,700660.53
1162,6,1,40,3,6933,4.221650750794882,444996.28
3243,6,1,98,0,6926,4.002948015703234,689229.48
3065,2,4,46,0,5969,4.489256393551061,646210.75
2988,4,1,17,0,4965,2.24531380799371,574272.89
3805,3,1,77,1,6319,7.643514434831593,789083.92
4081,3,2,98,3,10975,8.71267973298615,897778.37
1784,5,4,70,0,9108,9.448431718366315,651636.3
2439,5,2,12,1,11141,5.431260731676632,698918.91
1627,3,3,81,2,18428,7.307791292128858,556391.85
3530,5,1,12,2,3810,8.699960110922852,787639.58
4331,4,3,99,0,12273,4.764619999841374,897081.02
3735,1,2,30,2,11021,3.784715153833999,764403.04
4676,4,1,1,3,8364,9.430521002681411,1061942.55
926,3,1,15,2,4581,5.641088959693658,416804.9
3977,3,2,8,2,2691,5.475284979317902,850670.28
3856,4,2,72,3,2931,2.605744869071462,733878.51
1403,5,2,37,0,15128,1.9733951311602107,415865.51
4249,5,2,74,0,16226,8.578961762351604,990180.89
4946,6,2,53,3,15861,6.527198585687662,1082056.59
4333,3,1,55,3,17475,3.9324212561750382,915301.5
4167,2,2,85,3,5406,2.725625956512398,818876.78
4168,6,1,96,2,10339,5.999475521526683,873491.04
4597,5,1,99,3,19416,6.2552736033502185,1023868.86
2592,4,2,86,1,19695,2.8629424112055233,666985.35
3661,5,2,44,2,10579,8.662651731023265,911712.41
4276,4,4,33,0,5121,1.7583792954026598,857320.01
4217,6,1,8,0,17946,4.204837766497795,943758.58
2445,3,2,87,0,5748,7.123459723862699,614584.04
2005,5,2,7,2,2277,3.467083274372806,552200.21
3830,4,2,6,1,13563,8.449076753031447,929136.46
3672,3,4,35,3,8792,7.658810439403632,949156.49
3872,2,4,17,3,15918,8.101205600933207,975241.52
2654,4,3,2,0,12374,2.0719588228904464,679498.74
4821,6,1,27,0,6675,2.264924151959886,970454.2
3508,2,3,69,2,3170,3.5782636397012526,714933.95
4302,2,2,43,1,10681,5.66269448677805,940032.57
2132,1,4,20,3,12717,7.732144690294621,662665.34
1001,5,4,27,2,14450,8.52877801684813,538582.3
4307,4,3,53,3,12680,7.3390178436146245,994174.93
1374,2,4,53,0,12068,9.357371933775745,516902.43
1336,1,2,64,3,4462,7.6486915865433724,389632.7
2425,6,4,99,1,15650,3.7564109830415324,630051.95
2922,3,3,20,1,2287,3.3857315590471533,642636.08
1185,4,2,98,0,3161,7.265732052709809,451727.38
4081,2,3,12,1,18513,2.7358351182065284,845766.13
1274,5,4,56,1,4363,1.834433297292429,424908.54
1217,1,3,48,2,7983,5.790005873705745,388944.63
4400,2,3,53,3,18527,8.394774128010598,1000444.81
1754,5,1,9,0,10207,1.9124185822287718,526358.07
2005,2,4,52,0,16758,8.127021914161563,642509.07
4920,4,4,43,0,2244,8.304148039163934,1038594.3
2790,4,3,46,0,19310,5.340466000733892,745917.72
4372,4,1,52,0,5178,1.5157927900943813,769813.76
4958,6,4,73,1,4176,2.571308661224678,957580.73
3513,6,2,45,2,7002,7.366836476457391,862876.56
3003,1,3,12,0,2886,7.406001504918545,738941.46
3920,4,4,36,2,15721,9.085197476508988,946196.44
1766,5,2,23,2,14142,6.244175318991245,662883.22
4232,2,4,1,1,4654,2.1169663094239963,824169.89
1488,3,2,85,0,13984,2.092734149544749,374158.0
4501,5,3,80,1,19755,7.4901912162114135,1007979.78
1141,6,4,99,0,9135,2.6540619859711105,408600.72
2524,6,4,13,1,2320,3.955469496549448,610393.11
2592,5,1,9,2,6654,5.384908062297225,659464.45
2559,6,3,34,0,18131,1.2228838981853607,644465.59
4012,4,2,24,3,12770,3.2393712431793866,906747.7
1789,1,4,2,2,8553,4.671006476565521,555088.73
3062,2,4,16,3,13559,3.516726866438856,714139.77
3282,1,2,11,2,11009,2.2273329472080925,681011.16
1751,2,3,53,1,15482,7.552110320165776,534740.66
1522,2,1,23,0,9498,8.318328896511865,459483.71
4189,1,1,28,2,8636,3.3173107852935235,778004.64
2879,5,4,42,1,9362,7.96977545145673,823748.43
3517,2,2,24,0,18395,4.469982079611825,820327.06
3132,1,4,99,0,18578,5.560172117686025,740896.53
4176,2,2,59,2,4537,8.704009674038375,865936.46
2300,3,1,89,0,17216,7.749583136221671,625221.88
1085,5,3,64,2,5009,8.246051661845598,465981.4
4295,4,2,83,0,16209,2.2316064992772113,853447.18
2865,2,1,27,3,17675,1.6274748325035653,644302.89
1568,3,4,15,1,17029,9.040642561791884,606599.15
3857,4,2,46,3,4077,4.490508426139849,830221.67
2961,4,3,80,2,15907,3.5909171026271274,718371.73
4093,2,4,91,3,5867,7.522266288356421,870365.63
1746,1,4,57,2,18152,8.527740369218709,624843.16
4135,2,1,75,0,6873,8.76240659708471,916091.69
4950,3,2,26,0,10635,3.8439742701270463,1017396.31
2281,4,4,52,2,2297,8.669911520815067,681753.1
2701,2,3,41,3,15095,1.3684054993691084,635331.15
4251,1,2,58,0,11036,1.4469534231374699,770564.9
4864,2,3,46,1,3015,6.61167275656739,1002799.84
854,5,4,93,0,3384,1.5679573220399161,262768.6
2623,1,3,33,1,10745,3.9214825165914537,639520.15
4262,3,1,36,3,19653,7.054803876222316,981032.94
3879,4,3,5,1,3260,4.0354020644880375,869086.15
1632,2,2,6,1,9701,2.616398032960863,468279.15
3606,1,3,95,1,12401,3.5321555966845746,727012.13
3290,5,3,95,1,17519,5.118177990253886,791863.93
1127,1,1,24,0,13864,5.278472698199342,422707.84
4110,6,3,32,1,17681,8.047002082124818,1042158.77
4100,5,3,54,0,7543,7.751379064883613,923792.29
4475,3,4,57,1,14488,5.111360241005217,963172.28
3854,4,4,6,2,12079,8.611006141888943,1000606.83
2943,3,2,56,3,12744,2.0281342473225625,615832.0
2111,2,4,11,1,5809,3.2981801520601133,555934.95
3991,1,4,15,2,9206,8.451788171520263,942852.2
3338,6,4,79,1,15746,4.401946347635378,851568.35
4783,5,4,42,1,17995,9.83063402914458,1134568.07
964,5,1,99,1,18035,5.196279533750519,432372.07
1622,1,4,76,2,13671,8.127420606673876,563355.46
1743,6,1,6,3,15210,4.620763372441347,623079.16
1574,1,1,99,2,19793,4.824581671561873,485930.14
2998,2,4,50,3,7197,4.4459483255576515,656417.31
3956,3,3,72,1,17553,7.471680584597306,936329.93
4495,5,1,31,0,9452,5.92766095653995,1019690.08
4252,2,3,74,1,10718,9.494003002315322,980622.79
1714,3,3,7,3,16859,3.258012848806943,601196.67
2108,2,4,96,2,4172,1.9050645887509992,494453.13
4977,6,2,86,1,15158,4.5393533658929375,1078999.13
1313,5,4,88,2,18663,6.550414368820984,567572.35
2720,1,2,71,2,13085,8.747190432239456,729524.16
4394,1,2,44,2,5981,4.115771980122949,857985.97
2209,3,4,85,1,7247,6.884080760120154,605896.84
3990,4,4,58,2,12553,4.151788129208971,903566.61
2355,6,2,3,2,8135,6.554976246950123,683894.47
1604,3,4,66,1,7573,8.963271523275857,624291.9
2079,4,2,28,2,15731,3.0822187803346814,556308.99
4377,2,3,28,1,9189,4.638174778963353,923600.14
3701,6,4,97,3,16541,9.939386767867719,1033502.88
2187,2,3,97,3,12878,8.817013254245147,648981.61
3561,5,1,27,3,13087,6.0817587210658175,833330.86
3479,6,3,76,2,15667,5.649648326688478,895843.85
2906,4,3,78,0,4776,3.561403440742129,638109.93
3568,5,2,86,0,11311,5.654884849241765,831252.18
4753,1,3,43,2,9697,8.633633484519525,1020324.03
3986,4,4,89,0,16629,7.166570619500025,981834.15
4080,3,2,3,1,10386,3.610396253601879,794127.68
3373,1,1,89,0,19046,2.8131752894817965,699228.83
3399,1,4,8,2,10044,3.386876832971462,785060.02
4833,3,1,4,2,11615,2.5278328125354386,955741.83
1036,6,3,55,1,17034,1.8607662642134435,437356.09
2104,1,4,95,3,7060,4.772225569978495,514824.16
4230,4,4,83,2,12900,2.0196964395844095,864514.58
2101,5,1,49,1,7581,2.547213019543939,472343.56
3341,1,4,74,0,4014,5.925922159055375,686185.5
2851,4,4,14,0,14997,2.4813934632961727,671660.22
1241,2,4,31,1,12635,1.5749179068781256,413397.08
2876,4,3,27,1,15648,3.8564996502509667,704128.9
3980,5,1,21,2,9148,2.9828718875977076,826623.17
3457,4,4,16,0,16022,5.637746691949391,842077.23
4598,3,2,58,1,7919,1.921303761248884,839261.73
1604,5,2,89,0,17886,7.765937089146803,593919.41
874,6,2,70,1,8638,9.156101674916247,501740.98
2975,2,2,56,0,6651,7.690916565605749,730073.89
4724,3,3,25,3,2609,5.795443336612548,993636.37
2889,6,4,24,2,9940,8.746010396099965,858552.94
840,4,1,9,0,12348,7.254265418033567,438456.26
2881,5,4,44,3,5866,1.0949601020517088,638586.09
2422,2,3,82,0,18755,4.5468113749705275,590874.9
1141,3,2,10,0,18999,8.658567094661201,522639.03
4852,6,3,76,3,4253,4.1127297217774235,993147.44
2874,6,4,52,0,6942,1.3169365617297115,624566.25
1445,2,1,71,0,14330,7.715616746970451,541262.06
1409,4,3,67,2,2864,8.218344432545816,511411.86
1254,2,1,94,3,3268,2.445343255389777,365388.57
3753,6,3,27,3,9454,5.836064471588631,924594.3
2508,1,1,74,1,15666,2.7275989509615317,531764.89
4272,3,1,64,0,14370,7.473109771397321,933250.81
3769,2,2,48,2,7229,3.4439540965973707,712170.51
3828,6,1,46,0,18309,3.8459361030699704,875376.48
3481,4,2,51,0,6054,8.604737682760913,808441.7
4429,6,4,87,1,2935,5.286901169862139,895859.28
3867,4,4,53,0,14172,7.0277900609642305,960630.2
2186,2,2,59,2,12530,4.621357456502209,600394.78
4576,4,2,56,2,17560,3.682061714743799,995932.4
3666,5,3,46,1,18156,6.629302543821952,936729.39
4163,5,3,30,0,18709,2.3937181667093914,868822.69
4924,5,3,45,2,11726,4.356998520101767,1020855.59
948,1,4,25,0,9774,2.8813333364733005,331011.56
4650,2,3,4,0,3985,7.2621547024667095,919375.98
2858,6,1,83,0,16252,9.497879545114968,791707.56
1936,6,1,51,1,6603,9.959598712142798,638724.03
986,1,3,74,0,17960,5.052491293974317,400529.79
3654,4,1,53,2,11462,3.2727735067280004,856337.1
2050,1,4,32,0,16166,4.985464333458918,576412.4
2133,4,1,49,2,9754,8.625424689664515,656523.93
4993,4,4,37,0,16246,2.8540511069683587,1011254.71
4950,3,2,26,2,6078,9.568860864876314,1104398.6
3511,6,2,97,2,14853,4.076791919183359,777733.32
2585,5,2,14,0,19751,9.872232935052745,878830.78
1550,4,2,95,0,6042,8.54747998780566,512434.82
2562,3,1,60,2,18284,8.277134807326513,720407.0
4720,6,3,20,3,16389,3.8611420639595524,1080268.95
1281,5,1,45,1,4575,1.0789949075313652,330377.22
953,4,4,68,3,8754,4.439196179433891,437081.45
